{"cameraMode":{"drawMode":0,"name":"Shaded","section":"Shading Mode"},"sceneLighting":true,"audioPlay":false,"sceneViewState":{"showFog":true,"showMaterialUpdate":false,"showSkybox":true,"showFlares":true,"showImageEffects":true,"showParticleSystems":true},"in2DMode":false,"pivot":{"x":68.537109375,"y":34.433013916015628,"z":93.18708801269531},"rotation":{"x":0.11538240313529968,"y":-0.3308945298194885,"z":-0.0408012829720974,"w":-0.9357117414474487},"size":133.1503143310547,"orthographic":false}